-- phpMyAdmin SQL Dump
-- version 5.2.0
-- https://www.phpmyadmin.net/
--
-- Host: localhost:3306
-- Generation Time: Nov 17, 2023 at 08:04 AM
-- Server version: 8.0.30
-- PHP Version: 8.1.10

SET SQL_MODE = "NO_AUTO_VALUE_ON_ZERO";
START TRANSACTION;
SET time_zone = "+00:00";


/*!40101 SET @OLD_CHARACTER_SET_CLIENT=@@CHARACTER_SET_CLIENT */;
/*!40101 SET @OLD_CHARACTER_SET_RESULTS=@@CHARACTER_SET_RESULTS */;
/*!40101 SET @OLD_COLLATION_CONNECTION=@@COLLATION_CONNECTION */;
/*!40101 SET NAMES utf8mb4 */;

--
-- Database: `dss`
--

-- --------------------------------------------------------

--
-- Table structure for table `ahp_alternatives`
--

CREATE TABLE `ahp_alternatives` (
  `id` int NOT NULL,
  `id_projects` int NOT NULL,
  `name` varchar(255) NOT NULL,
  `created_at` datetime NOT NULL,
  `updated_at` datetime NOT NULL,
  `deleted_at` datetime NOT NULL
) ENGINE=InnoDB DEFAULT CHARSET=utf8mb4 COLLATE=utf8mb4_0900_ai_ci;

--
-- Dumping data for table `ahp_alternatives`
--

INSERT INTO `ahp_alternatives` (`id`, `id_projects`, `name`, `created_at`, `updated_at`, `deleted_at`) VALUES
(14, 4, 'a wahab', '2023-11-15 04:05:53', '2023-11-15 04:05:53', '0000-00-00 00:00:00'),
(15, 4, 'masrin', '2023-11-15 04:06:50', '2023-11-15 04:06:50', '0000-00-00 00:00:00'),
(16, 4, 'jamludin', '2023-11-15 04:07:39', '2023-11-15 04:07:39', '0000-00-00 00:00:00'),
(17, 4, 'rabiati', '2023-11-15 04:08:22', '2023-11-15 04:08:22', '0000-00-00 00:00:00'),
(18, 4, 'abu bakar', '2023-11-15 04:09:18', '2023-11-15 04:09:18', '0000-00-00 00:00:00'),
(19, 4, 'rabiah', '2023-11-15 04:10:21', '2023-11-15 04:10:21', '0000-00-00 00:00:00');

-- --------------------------------------------------------

--
-- Table structure for table `ahp_alternatives_sub_criteria_priority`
--

CREATE TABLE `ahp_alternatives_sub_criteria_priority` (
  `id` int NOT NULL,
  `id_ahp_alternatives` bigint NOT NULL,
  `id_ahp_criteria` bigint NOT NULL,
  `id_ahp_sub_criteria` int NOT NULL,
  `created_at` datetime NOT NULL,
  `updated_at` datetime NOT NULL,
  `deleted_at` datetime NOT NULL
) ENGINE=InnoDB DEFAULT CHARSET=utf8mb4 COLLATE=utf8mb4_0900_ai_ci;

--
-- Dumping data for table `ahp_alternatives_sub_criteria_priority`
--

INSERT INTO `ahp_alternatives_sub_criteria_priority` (`id`, `id_ahp_alternatives`, `id_ahp_criteria`, `id_ahp_sub_criteria`, `created_at`, `updated_at`, `deleted_at`) VALUES
(6, 11, 8, 3, '2023-11-12 13:56:42', '2023-11-12 13:56:42', '0000-00-00 00:00:00'),
(7, 11, 10, 6, '2023-11-12 13:56:42', '2023-11-12 13:56:42', '0000-00-00 00:00:00'),
(8, 11, 11, 1, '2023-11-12 13:56:42', '2023-11-12 13:56:42', '0000-00-00 00:00:00'),
(9, 11, 12, 12, '2023-11-12 13:56:42', '2023-11-12 13:56:42', '0000-00-00 00:00:00'),
(10, 11, 13, 13, '2023-11-12 13:56:42', '2023-11-12 13:56:42', '0000-00-00 00:00:00'),
(11, 12, 8, 2, '2023-11-12 14:06:26', '2023-11-12 14:06:26', '0000-00-00 00:00:00'),
(12, 12, 10, 6, '2023-11-12 14:06:26', '2023-11-12 14:06:26', '0000-00-00 00:00:00'),
(13, 12, 11, 9, '2023-11-12 14:06:26', '2023-11-12 14:06:26', '0000-00-00 00:00:00'),
(14, 12, 12, 10, '2023-11-12 14:06:26', '2023-11-12 14:06:26', '0000-00-00 00:00:00'),
(15, 12, 13, 14, '2023-11-12 14:06:26', '2023-11-12 14:06:26', '0000-00-00 00:00:00'),
(16, 13, 8, 3, '2023-11-12 14:30:47', '2023-11-14 22:37:26', '0000-00-00 00:00:00'),
(17, 13, 10, 6, '2023-11-12 14:30:47', '2023-11-14 22:37:26', '0000-00-00 00:00:00'),
(18, 13, 11, 8, '2023-11-12 14:30:47', '2023-11-14 22:37:26', '0000-00-00 00:00:00'),
(19, 13, 12, 11, '2023-11-12 14:30:47', '2023-11-14 22:37:26', '0000-00-00 00:00:00'),
(20, 13, 13, 14, '2023-11-12 14:30:47', '2023-11-14 22:37:26', '0000-00-00 00:00:00'),
(21, 14, 8, 2, '2023-11-15 04:05:53', '2023-11-15 04:18:24', '0000-00-00 00:00:00'),
(22, 14, 10, 6, '2023-11-15 04:05:53', '2023-11-15 04:18:24', '0000-00-00 00:00:00'),
(23, 14, 11, 1, '2023-11-15 04:05:53', '2023-11-15 04:18:24', '0000-00-00 00:00:00'),
(24, 14, 12, 11, '2023-11-15 04:05:53', '2023-11-15 04:18:24', '0000-00-00 00:00:00'),
(25, 14, 13, 15, '2023-11-15 04:05:53', '2023-11-15 04:18:24', '0000-00-00 00:00:00'),
(26, 15, 8, 3, '2023-11-15 04:06:50', '2023-11-15 04:19:51', '0000-00-00 00:00:00'),
(27, 15, 10, 6, '2023-11-15 04:06:50', '2023-11-15 04:19:51', '0000-00-00 00:00:00'),
(28, 15, 11, 1, '2023-11-15 04:06:50', '2023-11-15 04:19:51', '0000-00-00 00:00:00'),
(29, 15, 12, 11, '2023-11-15 04:06:50', '2023-11-15 04:19:51', '0000-00-00 00:00:00'),
(30, 15, 13, 14, '2023-11-15 04:06:50', '2023-11-15 04:19:51', '0000-00-00 00:00:00'),
(31, 16, 8, 2, '2023-11-15 04:07:39', '2023-11-15 04:07:39', '0000-00-00 00:00:00'),
(32, 16, 10, 5, '2023-11-15 04:07:39', '2023-11-15 04:07:39', '0000-00-00 00:00:00'),
(33, 16, 11, 1, '2023-11-15 04:07:39', '2023-11-15 04:07:39', '0000-00-00 00:00:00'),
(34, 16, 12, 11, '2023-11-15 04:07:39', '2023-11-15 04:07:39', '0000-00-00 00:00:00'),
(35, 16, 13, 14, '2023-11-15 04:07:39', '2023-11-15 04:07:39', '0000-00-00 00:00:00'),
(36, 17, 8, 2, '2023-11-15 04:08:22', '2023-11-15 04:18:50', '0000-00-00 00:00:00'),
(37, 17, 10, 6, '2023-11-15 04:08:22', '2023-11-15 04:18:50', '0000-00-00 00:00:00'),
(38, 17, 11, 1, '2023-11-15 04:08:22', '2023-11-15 04:18:50', '0000-00-00 00:00:00'),
(39, 17, 12, 11, '2023-11-15 04:08:22', '2023-11-15 04:18:50', '0000-00-00 00:00:00'),
(40, 17, 13, 15, '2023-11-15 04:08:22', '2023-11-15 04:18:50', '0000-00-00 00:00:00'),
(41, 18, 8, 16, '2023-11-15 04:09:18', '2023-11-15 04:30:04', '0000-00-00 00:00:00'),
(42, 18, 10, 6, '2023-11-15 04:09:18', '2023-11-15 04:30:04', '0000-00-00 00:00:00'),
(43, 18, 11, 1, '2023-11-15 04:09:18', '2023-11-15 04:30:04', '0000-00-00 00:00:00'),
(44, 18, 12, 11, '2023-11-15 04:09:18', '2023-11-15 04:30:04', '0000-00-00 00:00:00'),
(45, 18, 13, 14, '2023-11-15 04:09:18', '2023-11-15 04:30:04', '0000-00-00 00:00:00'),
(46, 19, 8, 3, '2023-11-15 04:10:21', '2023-11-15 04:10:21', '0000-00-00 00:00:00'),
(47, 19, 10, 5, '2023-11-15 04:10:21', '2023-11-15 04:10:21', '0000-00-00 00:00:00'),
(48, 19, 11, 1, '2023-11-15 04:10:21', '2023-11-15 04:10:21', '0000-00-00 00:00:00'),
(49, 19, 12, 12, '2023-11-15 04:10:21', '2023-11-15 04:10:21', '0000-00-00 00:00:00'),
(50, 19, 13, 15, '2023-11-15 04:10:21', '2023-11-15 04:10:21', '0000-00-00 00:00:00');

-- --------------------------------------------------------

--
-- Table structure for table `ahp_criteria`
--

CREATE TABLE `ahp_criteria` (
  `id` int NOT NULL,
  `id_projects` int NOT NULL,
  `name` varchar(255) NOT NULL,
  `created_at` datetime NOT NULL,
  `updated_at` datetime NOT NULL,
  `deleted_at` datetime NOT NULL
) ENGINE=InnoDB DEFAULT CHARSET=utf8mb4 COLLATE=utf8mb4_0900_ai_ci;

--
-- Dumping data for table `ahp_criteria`
--

INSERT INTO `ahp_criteria` (`id`, `id_projects`, `name`, `created_at`, `updated_at`, `deleted_at`) VALUES
(3, 4, 'blablab', '2023-11-10 02:12:17', '2023-11-10 11:19:17', '2023-11-10 11:19:17'),
(5, 4, 'criteria 2', '2023-11-10 02:26:25', '2023-11-10 11:19:19', '2023-11-10 11:19:19'),
(6, 4, 'criteria 3', '2023-11-10 02:26:31', '2023-11-10 11:19:21', '2023-11-10 11:19:21'),
(7, 4, 'criteria 4', '2023-11-10 02:26:35', '2023-11-10 11:19:22', '2023-11-10 11:19:22'),
(8, 4, 'Jml Penghuni', '2023-11-10 11:22:53', '2023-11-10 11:22:53', '0000-00-00 00:00:00'),
(9, 4, 'Surat Pemilik', '2023-11-10 11:23:03', '2023-11-10 11:23:13', '2023-11-10 11:23:13'),
(10, 4, 'Penghasilan', '2023-11-10 11:23:18', '2023-11-10 11:23:18', '0000-00-00 00:00:00'),
(11, 4, 'Surat Pemilik', '2023-11-10 11:23:25', '2023-11-10 11:23:25', '0000-00-00 00:00:00'),
(12, 4, 'Pekerjaan', '2023-11-10 11:23:30', '2023-11-10 11:23:30', '0000-00-00 00:00:00'),
(13, 4, 'Jns Rumah', '2023-11-10 11:23:43', '2023-11-10 11:23:43', '0000-00-00 00:00:00');

-- --------------------------------------------------------

--
-- Table structure for table `ahp_criteria_priority`
--

CREATE TABLE `ahp_criteria_priority` (
  `id` int NOT NULL,
  `id_ahp_criteria` int NOT NULL,
  `value` float NOT NULL,
  `created_at` datetime NOT NULL,
  `updated_at` datetime NOT NULL,
  `deleted_at` datetime NOT NULL
) ENGINE=InnoDB DEFAULT CHARSET=utf8mb4 COLLATE=utf8mb4_0900_ai_ci;

--
-- Dumping data for table `ahp_criteria_priority`
--

INSERT INTO `ahp_criteria_priority` (`id`, `id_ahp_criteria`, `value`, `created_at`, `updated_at`, `deleted_at`) VALUES
(57, 8, 0.0571098, '2023-11-12 11:35:00', '2023-11-15 03:45:03', '0000-00-00 00:00:00'),
(58, 10, 0.156753, '2023-11-12 11:36:56', '2023-11-15 03:45:03', '0000-00-00 00:00:00'),
(59, 11, 0.177595, '2023-11-12 11:36:56', '2023-11-15 03:45:03', '0000-00-00 00:00:00'),
(60, 12, 0.208545, '2023-11-12 11:36:56', '2023-11-15 03:45:03', '0000-00-00 00:00:00'),
(61, 13, 0.399997, '2023-11-12 11:36:56', '2023-11-15 03:45:03', '0000-00-00 00:00:00');

-- --------------------------------------------------------

--
-- Table structure for table `ahp_criteria_weights`
--

CREATE TABLE `ahp_criteria_weights` (
  `id` bigint NOT NULL,
  `id_ahp_criteria_x` int NOT NULL,
  `id_ahp_criteria_y` int NOT NULL,
  `id_projects` int NOT NULL,
  `value` float NOT NULL,
  `created_at` datetime NOT NULL,
  `updated_at` datetime NOT NULL,
  `deleted_at` datetime NOT NULL
) ENGINE=InnoDB DEFAULT CHARSET=utf8mb4 COLLATE=utf8mb4_0900_ai_ci;

--
-- Dumping data for table `ahp_criteria_weights`
--

INSERT INTO `ahp_criteria_weights` (`id`, `id_ahp_criteria_x`, `id_ahp_criteria_y`, `id_projects`, `value`, `created_at`, `updated_at`, `deleted_at`) VALUES
(1, 3, 3, 4, 1, '2023-11-10 09:13:50', '2023-11-10 09:13:50', '0000-00-00 00:00:00'),
(2, 3, 5, 4, 0.5, '2023-11-10 09:13:50', '2023-11-10 09:58:54', '0000-00-00 00:00:00'),
(3, 3, 6, 4, 0.25, '2023-11-10 09:13:50', '2023-11-10 09:58:54', '0000-00-00 00:00:00'),
(4, 3, 7, 4, 5, '2023-11-10 09:13:50', '2023-11-10 09:58:54', '0000-00-00 00:00:00'),
(5, 5, 3, 4, 2, '2023-11-10 09:13:50', '2023-11-10 09:58:54', '0000-00-00 00:00:00'),
(6, 5, 5, 4, 1, '2023-11-10 09:13:50', '2023-11-10 09:13:50', '0000-00-00 00:00:00'),
(7, 5, 6, 4, 0.166667, '2023-11-10 09:13:50', '2023-11-10 09:58:54', '0000-00-00 00:00:00'),
(8, 5, 7, 4, 6, '2023-11-10 09:13:50', '2023-11-10 09:58:54', '0000-00-00 00:00:00'),
(9, 6, 3, 4, 4, '2023-11-10 09:13:50', '2023-11-10 09:58:54', '0000-00-00 00:00:00'),
(10, 6, 5, 4, 6, '2023-11-10 09:13:50', '2023-11-10 09:58:54', '0000-00-00 00:00:00'),
(11, 6, 6, 4, 1, '2023-11-10 09:13:50', '2023-11-10 09:13:50', '0000-00-00 00:00:00'),
(12, 6, 7, 4, 0.333333, '2023-11-10 09:13:50', '2023-11-10 09:58:54', '0000-00-00 00:00:00'),
(13, 7, 3, 4, 0.2, '2023-11-10 09:13:50', '2023-11-10 09:58:54', '0000-00-00 00:00:00'),
(14, 7, 5, 4, 0.166667, '2023-11-10 09:13:50', '2023-11-10 09:58:54', '0000-00-00 00:00:00'),
(15, 7, 6, 4, 3, '2023-11-10 09:13:50', '2023-11-10 09:58:54', '0000-00-00 00:00:00'),
(16, 7, 7, 4, 1, '2023-11-10 09:13:50', '2023-11-10 09:13:50', '0000-00-00 00:00:00'),
(17, 8, 8, 4, 1, '2023-11-10 11:23:45', '2023-11-10 11:23:45', '0000-00-00 00:00:00'),
(18, 8, 10, 4, 0.5, '2023-11-10 11:23:45', '2023-11-10 11:31:39', '0000-00-00 00:00:00'),
(19, 8, 11, 4, 0.333333, '2023-11-10 11:23:45', '2023-11-10 11:31:39', '0000-00-00 00:00:00'),
(20, 8, 12, 4, 0.2, '2023-11-10 11:23:45', '2023-11-10 11:31:39', '0000-00-00 00:00:00'),
(21, 8, 13, 4, 0.166667, '2023-11-10 11:23:45', '2023-11-10 11:31:39', '0000-00-00 00:00:00'),
(22, 10, 8, 4, 2, '2023-11-10 11:23:45', '2023-11-10 11:31:39', '0000-00-00 00:00:00'),
(23, 10, 10, 4, 1, '2023-11-10 11:23:45', '2023-11-10 11:23:45', '0000-00-00 00:00:00'),
(24, 10, 11, 4, 2, '2023-11-10 11:23:45', '2023-11-10 11:31:39', '0000-00-00 00:00:00'),
(25, 10, 12, 4, 0.5, '2023-11-10 11:23:45', '2023-11-10 11:31:39', '0000-00-00 00:00:00'),
(26, 10, 13, 4, 0.333333, '2023-11-10 11:23:45', '2023-11-10 11:31:39', '0000-00-00 00:00:00'),
(27, 11, 8, 4, 3, '2023-11-10 11:23:45', '2023-11-10 11:31:39', '0000-00-00 00:00:00'),
(28, 11, 10, 4, 0.5, '2023-11-10 11:23:45', '2023-11-10 11:31:39', '0000-00-00 00:00:00'),
(29, 11, 11, 4, 1, '2023-11-10 11:23:45', '2023-11-10 11:23:45', '0000-00-00 00:00:00'),
(30, 11, 12, 4, 2, '2023-11-10 11:23:45', '2023-11-10 11:31:39', '0000-00-00 00:00:00'),
(31, 11, 13, 4, 0.333333, '2023-11-10 11:23:45', '2023-11-10 11:31:39', '0000-00-00 00:00:00'),
(32, 12, 8, 4, 5, '2023-11-10 11:23:45', '2023-11-10 11:31:39', '0000-00-00 00:00:00'),
(33, 12, 10, 4, 2, '2023-11-10 11:23:45', '2023-11-10 11:31:39', '0000-00-00 00:00:00'),
(34, 12, 11, 4, 0.5, '2023-11-10 11:23:45', '2023-11-10 11:31:39', '0000-00-00 00:00:00'),
(35, 12, 12, 4, 1, '2023-11-10 11:23:45', '2023-11-10 11:23:45', '0000-00-00 00:00:00'),
(36, 12, 13, 4, 0.5, '2023-11-10 11:23:45', '2023-11-10 11:31:39', '0000-00-00 00:00:00'),
(37, 13, 8, 4, 6, '2023-11-10 11:23:45', '2023-11-10 11:31:39', '0000-00-00 00:00:00'),
(38, 13, 10, 4, 3, '2023-11-10 11:23:45', '2023-11-10 11:31:39', '0000-00-00 00:00:00'),
(39, 13, 11, 4, 3, '2023-11-10 11:23:45', '2023-11-10 11:31:39', '0000-00-00 00:00:00'),
(40, 13, 12, 4, 2, '2023-11-10 11:23:45', '2023-11-10 11:31:39', '0000-00-00 00:00:00'),
(41, 13, 13, 4, 1, '2023-11-10 11:23:45', '2023-11-10 11:23:45', '0000-00-00 00:00:00');

-- --------------------------------------------------------

--
-- Table structure for table `ahp_criteria_weights_total`
--

CREATE TABLE `ahp_criteria_weights_total` (
  `id` int NOT NULL,
  `id_criteria` int NOT NULL,
  `value` float NOT NULL,
  `created_at` datetime NOT NULL,
  `updated_at` datetime NOT NULL,
  `deleted_at` datetime NOT NULL
) ENGINE=InnoDB DEFAULT CHARSET=utf8mb4 COLLATE=utf8mb4_0900_ai_ci;

--
-- Dumping data for table `ahp_criteria_weights_total`
--

INSERT INTO `ahp_criteria_weights_total` (`id`, `id_criteria`, `value`, `created_at`, `updated_at`, `deleted_at`) VALUES
(21, 3, 7.2, '2023-11-10 10:50:44', '2023-11-10 11:16:36', '0000-00-00 00:00:00'),
(22, 5, 7.66667, '2023-11-10 10:50:44', '2023-11-10 11:16:36', '0000-00-00 00:00:00'),
(23, 6, 4.41667, '2023-11-10 10:50:44', '2023-11-10 11:16:36', '0000-00-00 00:00:00'),
(24, 7, 12.3333, '2023-11-10 10:50:44', '2023-11-10 11:16:36', '0000-00-00 00:00:00'),
(25, 8, 17, '2023-11-10 11:23:45', '2023-11-15 03:45:03', '0000-00-00 00:00:00'),
(26, 10, 7, '2023-11-10 11:23:45', '2023-11-15 03:45:03', '0000-00-00 00:00:00'),
(27, 11, 6.83333, '2023-11-10 11:23:45', '2023-11-15 03:45:03', '0000-00-00 00:00:00'),
(28, 12, 5.7, '2023-11-10 11:23:45', '2023-11-15 03:45:03', '0000-00-00 00:00:00'),
(29, 13, 2.33333, '2023-11-10 11:23:45', '2023-11-15 03:45:03', '0000-00-00 00:00:00');

-- --------------------------------------------------------

--
-- Table structure for table `ahp_random_index`
--

CREATE TABLE `ahp_random_index` (
  `id` int NOT NULL,
  `criteria_count` int NOT NULL,
  `value` float NOT NULL
) ENGINE=InnoDB DEFAULT CHARSET=utf8mb4 COLLATE=utf8mb4_0900_ai_ci;

--
-- Dumping data for table `ahp_random_index`
--

INSERT INTO `ahp_random_index` (`id`, `criteria_count`, `value`) VALUES
(1, 1, 0),
(2, 2, 0),
(3, 3, 0.58),
(4, 4, 0.9),
(5, 5, 1.12),
(6, 6, 1.24),
(7, 7, 1.32),
(8, 8, 1.41),
(9, 9, 1.45),
(10, 10, 1.49);

-- --------------------------------------------------------

--
-- Table structure for table `ahp_sub_criteria`
--

CREATE TABLE `ahp_sub_criteria` (
  `id` int NOT NULL,
  `id_ahp_criteria` int NOT NULL,
  `name` varchar(255) NOT NULL,
  `created_at` datetime NOT NULL,
  `updated_at` datetime NOT NULL,
  `deleted_at` datetime NOT NULL
) ENGINE=InnoDB DEFAULT CHARSET=utf8mb4 COLLATE=utf8mb4_0900_ai_ci;

--
-- Dumping data for table `ahp_sub_criteria`
--

INSERT INTO `ahp_sub_criteria` (`id`, `id_ahp_criteria`, `name`, `created_at`, `updated_at`, `deleted_at`) VALUES
(1, 11, 'dsfsdf', '2023-11-10 16:20:19', '2023-11-10 16:20:19', '0000-00-00 00:00:00'),
(2, 8, '<3', '2023-11-10 16:46:54', '2023-11-10 16:46:54', '0000-00-00 00:00:00'),
(3, 8, '4-5', '2023-11-10 16:47:02', '2023-11-10 16:47:02', '0000-00-00 00:00:00'),
(4, 8, '>6', '2023-11-10 16:47:08', '2023-11-10 16:57:26', '2023-11-10 16:57:26'),
(5, 10, '<1', '2023-11-10 16:47:24', '2023-11-10 16:47:24', '0000-00-00 00:00:00'),
(6, 10, '1 - 2', '2023-11-10 16:47:35', '2023-11-10 16:47:35', '0000-00-00 00:00:00'),
(7, 10, '> 2', '2023-11-10 16:47:43', '2023-11-10 16:47:43', '0000-00-00 00:00:00'),
(8, 11, 'sewa', '2023-11-10 16:47:55', '2023-11-10 16:47:55', '0000-00-00 00:00:00'),
(9, 11, 'menumpang', '2023-11-10 16:48:03', '2023-11-10 16:48:03', '0000-00-00 00:00:00'),
(10, 12, 'tetap', '2023-11-10 16:48:20', '2023-11-10 16:48:20', '0000-00-00 00:00:00'),
(11, 12, 'harian', '2023-11-10 16:48:26', '2023-11-10 16:48:26', '0000-00-00 00:00:00'),
(12, 12, 'lepas', '2023-11-10 16:48:35', '2023-11-10 16:48:35', '0000-00-00 00:00:00'),
(13, 13, 'tembok', '2023-11-10 16:48:48', '2023-11-10 16:48:48', '0000-00-00 00:00:00'),
(14, 13, 'medium', '2023-11-10 16:49:06', '2023-11-10 16:49:06', '0000-00-00 00:00:00'),
(15, 13, 'kayu', '2023-11-10 16:49:14', '2023-11-10 16:49:14', '0000-00-00 00:00:00'),
(16, 8, '> 6', '2023-11-10 16:57:34', '2023-11-10 16:57:34', '0000-00-00 00:00:00');

-- --------------------------------------------------------

--
-- Table structure for table `ahp_sub_criteria_priority`
--

CREATE TABLE `ahp_sub_criteria_priority` (
  `id` int NOT NULL,
  `id_ahp_sub_criteria` int NOT NULL,
  `value` float NOT NULL,
  `created_at` datetime NOT NULL,
  `updated_at` datetime NOT NULL,
  `deleted_at` datetime NOT NULL
) ENGINE=InnoDB DEFAULT CHARSET=utf8mb4 COLLATE=utf8mb4_0900_ai_ci;

--
-- Dumping data for table `ahp_sub_criteria_priority`
--

INSERT INTO `ahp_sub_criteria_priority` (`id`, `id_ahp_sub_criteria`, `value`, `created_at`, `updated_at`, `deleted_at`) VALUES
(54, 2, 0.119939, '2023-11-12 11:38:14', '2023-11-15 04:03:32', '0000-00-00 00:00:00'),
(55, 3, 0.272098, '2023-11-12 11:38:14', '2023-11-15 04:03:32', '0000-00-00 00:00:00'),
(56, 16, 0.607962, '2023-11-12 11:38:14', '2023-11-15 04:03:32', '0000-00-00 00:00:00'),
(57, 5, 0.567873, '2023-11-12 11:38:14', '2023-11-15 04:03:32', '0000-00-00 00:00:00'),
(58, 6, 0.333937, '2023-11-12 11:38:14', '2023-11-15 04:03:32', '0000-00-00 00:00:00'),
(59, 7, 0.09819, '2023-11-12 11:38:14', '2023-11-15 04:03:32', '0000-00-00 00:00:00'),
(60, 1, 0.607962, '2023-11-12 11:38:14', '2023-11-15 04:03:32', '0000-00-00 00:00:00'),
(61, 8, 0.272098, '2023-11-12 11:38:14', '2023-11-15 04:03:32', '0000-00-00 00:00:00'),
(62, 9, 0.119939, '2023-11-12 11:38:14', '2023-11-15 04:03:32', '0000-00-00 00:00:00'),
(63, 10, 0.119939, '2023-11-12 11:38:14', '2023-11-15 04:03:33', '0000-00-00 00:00:00'),
(64, 11, 0.272098, '2023-11-12 11:38:14', '2023-11-15 04:03:33', '0000-00-00 00:00:00'),
(65, 12, 0.607962, '2023-11-12 11:38:14', '2023-11-15 04:03:33', '0000-00-00 00:00:00'),
(66, 13, 0.117947, '2023-11-12 11:38:14', '2023-11-15 04:03:33', '0000-00-00 00:00:00'),
(67, 14, 0.201411, '2023-11-12 11:38:14', '2023-11-15 04:03:33', '0000-00-00 00:00:00'),
(68, 15, 0.680643, '2023-11-12 11:38:14', '2023-11-15 04:03:33', '0000-00-00 00:00:00');

-- --------------------------------------------------------

--
-- Table structure for table `ahp_sub_criteria_weights`
--

CREATE TABLE `ahp_sub_criteria_weights` (
  `id` bigint NOT NULL,
  `id_ahp_sub_criteria_x` int NOT NULL,
  `id_ahp_sub_criteria_y` int NOT NULL,
  `id_projects` int NOT NULL,
  `value` float NOT NULL,
  `created_at` datetime NOT NULL,
  `updated_at` datetime NOT NULL,
  `deleted_at` datetime NOT NULL
) ENGINE=InnoDB DEFAULT CHARSET=utf8mb4 COLLATE=utf8mb4_0900_ai_ci;

--
-- Dumping data for table `ahp_sub_criteria_weights`
--

INSERT INTO `ahp_sub_criteria_weights` (`id`, `id_ahp_sub_criteria_x`, `id_ahp_sub_criteria_y`, `id_projects`, `value`, `created_at`, `updated_at`, `deleted_at`) VALUES
(1, 2, 2, 4, 1, '2023-11-12 03:46:12', '2023-11-12 03:46:12', '0000-00-00 00:00:00'),
(2, 2, 3, 4, 0.333333, '2023-11-12 03:46:12', '2023-11-12 11:42:27', '0000-00-00 00:00:00'),
(3, 2, 16, 4, 0.25, '2023-11-12 03:46:12', '2023-11-12 11:42:27', '0000-00-00 00:00:00'),
(4, 3, 2, 4, 3, '2023-11-12 03:46:12', '2023-11-12 11:42:27', '0000-00-00 00:00:00'),
(5, 3, 3, 4, 1, '2023-11-12 03:46:12', '2023-11-12 03:46:12', '0000-00-00 00:00:00'),
(6, 3, 16, 4, 0.333333, '2023-11-12 03:46:12', '2023-11-12 11:42:27', '0000-00-00 00:00:00'),
(7, 16, 2, 4, 4, '2023-11-12 03:46:12', '2023-11-12 11:42:27', '0000-00-00 00:00:00'),
(8, 16, 3, 4, 3, '2023-11-12 03:46:12', '2023-11-12 11:42:27', '0000-00-00 00:00:00'),
(9, 16, 16, 4, 1, '2023-11-12 03:46:12', '2023-11-12 03:46:12', '0000-00-00 00:00:00'),
(10, 5, 5, 4, 1, '2023-11-12 03:46:12', '2023-11-12 03:46:12', '0000-00-00 00:00:00'),
(11, 5, 6, 4, 2, '2023-11-12 03:46:12', '2023-11-12 11:41:49', '0000-00-00 00:00:00'),
(12, 5, 7, 4, 5, '2023-11-12 03:46:12', '2023-11-12 11:41:49', '0000-00-00 00:00:00'),
(13, 6, 5, 4, 0.5, '2023-11-12 03:46:12', '2023-11-12 11:41:49', '0000-00-00 00:00:00'),
(14, 6, 6, 4, 1, '2023-11-12 03:46:12', '2023-11-12 03:46:12', '0000-00-00 00:00:00'),
(15, 6, 7, 4, 4, '2023-11-12 03:46:12', '2023-11-12 11:41:49', '0000-00-00 00:00:00'),
(16, 7, 5, 4, 0.2, '2023-11-12 03:46:12', '2023-11-12 11:41:49', '0000-00-00 00:00:00'),
(17, 7, 6, 4, 0.25, '2023-11-12 03:46:12', '2023-11-12 11:41:49', '0000-00-00 00:00:00'),
(18, 7, 7, 4, 1, '2023-11-12 03:46:12', '2023-11-12 03:46:12', '0000-00-00 00:00:00'),
(19, 1, 1, 4, 1, '2023-11-12 03:46:12', '2023-11-12 03:46:12', '0000-00-00 00:00:00'),
(20, 1, 8, 4, 3, '2023-11-12 03:46:12', '2023-11-12 11:53:09', '0000-00-00 00:00:00'),
(21, 1, 9, 4, 4, '2023-11-12 03:46:12', '2023-11-12 11:53:09', '0000-00-00 00:00:00'),
(22, 8, 1, 4, 0.333333, '2023-11-12 03:46:12', '2023-11-12 11:53:09', '0000-00-00 00:00:00'),
(23, 8, 8, 4, 1, '2023-11-12 03:46:12', '2023-11-12 03:46:12', '0000-00-00 00:00:00'),
(24, 8, 9, 4, 3, '2023-11-12 03:46:12', '2023-11-12 11:53:09', '0000-00-00 00:00:00'),
(25, 9, 1, 4, 0.25, '2023-11-12 03:46:12', '2023-11-12 11:53:09', '0000-00-00 00:00:00'),
(26, 9, 8, 4, 0.333333, '2023-11-12 03:46:12', '2023-11-12 11:53:09', '0000-00-00 00:00:00'),
(27, 9, 9, 4, 1, '2023-11-12 03:46:12', '2023-11-12 03:46:12', '0000-00-00 00:00:00'),
(28, 10, 10, 4, 1, '2023-11-12 03:46:12', '2023-11-12 03:46:12', '0000-00-00 00:00:00'),
(29, 10, 11, 4, 0.333333, '2023-11-12 03:46:12', '2023-11-12 11:53:46', '0000-00-00 00:00:00'),
(30, 10, 12, 4, 0.25, '2023-11-12 03:46:12', '2023-11-12 11:53:46', '0000-00-00 00:00:00'),
(31, 11, 10, 4, 3, '2023-11-12 03:46:12', '2023-11-12 11:53:46', '0000-00-00 00:00:00'),
(32, 11, 11, 4, 1, '2023-11-12 03:46:12', '2023-11-12 03:46:12', '0000-00-00 00:00:00'),
(33, 11, 12, 4, 0.333333, '2023-11-12 03:46:12', '2023-11-12 11:53:46', '0000-00-00 00:00:00'),
(34, 12, 10, 4, 4, '2023-11-12 03:46:12', '2023-11-12 11:53:46', '0000-00-00 00:00:00'),
(35, 12, 11, 4, 3, '2023-11-12 03:46:12', '2023-11-12 11:53:46', '0000-00-00 00:00:00'),
(36, 12, 12, 4, 1, '2023-11-12 03:46:12', '2023-11-12 03:46:12', '0000-00-00 00:00:00'),
(37, 13, 13, 4, 1, '2023-11-12 03:46:12', '2023-11-12 03:46:12', '0000-00-00 00:00:00'),
(38, 13, 14, 4, 0.5, '2023-11-12 03:46:12', '2023-11-12 11:54:32', '0000-00-00 00:00:00'),
(39, 13, 15, 4, 0.2, '2023-11-12 03:46:12', '2023-11-12 11:54:32', '0000-00-00 00:00:00'),
(40, 14, 13, 4, 2, '2023-11-12 03:46:12', '2023-11-12 11:54:32', '0000-00-00 00:00:00'),
(41, 14, 14, 4, 1, '2023-11-12 03:46:12', '2023-11-12 03:46:12', '0000-00-00 00:00:00'),
(42, 14, 15, 4, 0.25, '2023-11-12 03:46:12', '2023-11-12 11:54:32', '0000-00-00 00:00:00'),
(43, 15, 13, 4, 5, '2023-11-12 03:46:12', '2023-11-12 11:54:32', '0000-00-00 00:00:00'),
(44, 15, 14, 4, 4, '2023-11-12 03:46:12', '2023-11-12 11:54:32', '0000-00-00 00:00:00'),
(45, 15, 15, 4, 1, '2023-11-12 03:46:12', '2023-11-12 03:46:12', '0000-00-00 00:00:00');

-- --------------------------------------------------------

--
-- Table structure for table `projects`
--

CREATE TABLE `projects` (
  `id` int NOT NULL,
  `id_users` int NOT NULL,
  `name` varchar(255) NOT NULL,
  `dss` enum('ahp','saw','wp') CHARACTER SET utf8mb4 COLLATE utf8mb4_0900_ai_ci NOT NULL,
  `created_at` datetime NOT NULL,
  `updated_at` datetime NOT NULL,
  `deleted_at` datetime NOT NULL
) ENGINE=InnoDB DEFAULT CHARSET=utf8mb4 COLLATE=utf8mb4_0900_ai_ci;

--
-- Dumping data for table `projects`
--

INSERT INTO `projects` (`id`, `id_users`, `name`, `dss`, `created_at`, `updated_at`, `deleted_at`) VALUES
(4, 0, 'lolo', 'ahp', '2023-11-09 22:14:41', '2023-11-09 22:14:41', '0000-00-00 00:00:00'),
(5, 0, 'Halo bang', 'ahp', '2023-11-09 22:32:44', '2023-11-16 13:02:09', '2023-11-16 13:02:09'),
(6, 0, 'sdsdsd', 'ahp', '2023-11-16 13:02:04', '2023-11-16 13:02:04', '0000-00-00 00:00:00'),
(7, 1, 'my pr', 'ahp', '2023-11-16 13:13:43', '2023-11-16 13:13:43', '0000-00-00 00:00:00'),
(8, 1, 'dddd', 'ahp', '2023-11-17 03:44:12', '2023-11-17 03:44:12', '0000-00-00 00:00:00'),
(9, 1, 'my saw', 'ahp', '2023-11-17 07:59:23', '2023-11-17 07:59:23', '0000-00-00 00:00:00'),
(10, 1, 'saw', '', '2023-11-17 08:00:54', '2023-11-17 08:00:54', '0000-00-00 00:00:00'),
(11, 1, 'gdfgdf', 'saw', '2023-11-17 08:03:44', '2023-11-17 08:03:44', '0000-00-00 00:00:00');

-- --------------------------------------------------------

--
-- Table structure for table `settings`
--

CREATE TABLE `settings` (
  `id` int NOT NULL,
  `google_client_id` varchar(255) NOT NULL,
  `google_client_secret` varchar(255) CHARACTER SET utf8mb4 COLLATE utf8mb4_0900_ai_ci NOT NULL,
  `google_client_url` varchar(255) CHARACTER SET utf8mb4 COLLATE utf8mb4_0900_ai_ci NOT NULL
) ENGINE=InnoDB DEFAULT CHARSET=utf8mb4 COLLATE=utf8mb4_0900_ai_ci;

--
-- Dumping data for table `settings`
--

INSERT INTO `settings` (`id`, `google_client_id`, `google_client_secret`, `google_client_url`) VALUES
(1, '23404300545-u55ig7f0t22evo7onc0o62aaecebt1da.apps.googleusercontent.com', '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', 'http://localhost:8080');

-- --------------------------------------------------------

--
-- Table structure for table `users`
--

CREATE TABLE `users` (
  `id` int NOT NULL,
  `email` varchar(255) NOT NULL,
  `status` enum('aktif','suspend','freeze') NOT NULL,
  `created_at` datetime NOT NULL,
  `updated_at` datetime NOT NULL,
  `deleted_at` datetime DEFAULT NULL,
  `name` varchar(255) NOT NULL,
  `picture` mediumblob
) ENGINE=InnoDB DEFAULT CHARSET=utf8mb4 COLLATE=utf8mb4_0900_ai_ci;

--
-- Dumping data for table `users`
--

INSERT INTO `users` (`id`, `email`, `status`, `created_at`, `updated_at`, `deleted_at`, `name`, `picture`) VALUES
(1, 'aansuseno822@gmail.com', 'aktif', '2023-11-16 09:59:54', '2023-11-17 07:58:38', NULL, 'Aan Suseno', 0x89504e470d0a1a0a0000000d49484452000000600000006008020000006dfae06f0000000373424954080808dbe14fe0000000807a5458745261772070726f66696c6520747970652041505031000008997d8d410e80201003efbc8227145817f639868021316af8ff41043c78717ae8a6d9b46a4b47aa25eaab9eb9ec49e94e20454262570001030b3803f338fc8c78384bf0a0769899277c20cfb9c973e4e5ed0264f4d0f87170b60981c5f67cee52c42fea06888728e3c44462df0000200049444154789ced9c59ac24d77998cf52756aefea7db9fb3a3b87db98142552d44259a0add04b22c536103fc449e024701204010c18882dc389e30489b3388a653b7610d8b205d9962551124d9114299243ce889ce1ec33f7deb9fbeddbb7f7a5f63a5b1e04037eb03d226f0f4c04f33df643d7ff7ff84fd5e9fffcd5504a09eef1d783feb60378bf734fd01db827e80edc137407ee09ba03f704dd817b82eec03d4177e09ea03b704fd01db827e80edc137407ee09ba03f704dd817b82eec03d4177e09ea03b704fd01db827e80edc13740794bbf1a54110789e77e9cae5f3dffdee732ffcf9f957dff8dee7fffc5ffcdc871f7ffce4c993931393d96cf66e5c7aecc0f19e6a4471fcca2bafbcfec61bbffa2bbff2bd4fa626274ddbc60871c6366eaf332900009ffea99ff8d97ff44f1e7ee821d775c778f5bbc138059d7bebad3ffce2177fe3d77f5d37cd5a7542c1080020a40000208800941040212590606f6f4f27eaa77fe2277efee77f7e7161615c01dc0dc6232889937fff1fffc3af7cf6972bb50937e370ca019400008c108200212438e78249800040524a088114627d731300f0e52f7ff999679ec1181f3e8cbbc11804757abd2ffcd11f7efe7fff9e63ea7118a551c439c3109918e44d8d41d88c1215482924e57f71550000000200df0b4cc7fecddffaada73efad14386719738ec4d3a8ee367bff1f53f7fe94515c15ebb8d0082184105164d72a25a283a3aa5b4d51f44096f78e9080a0421134281900bc9a4741c67656df57ffee66f3ef6c82396658d25a5f1725841c3d1e8dc85b77b9d0e865055884ce3824ecaae3393b70b199320ac39d65cad3cf4fc89813f88e361c80609e58c2329132e02ca8f2e2d7df58ffff8f99ffee91fffd4a7c692d27839aca06bd76fec371a8351d8eb0ea65dfda123b54ad61294b996611a869052811826b105c1846364347480522ca10f531541c2249729000200d0dcdd8d9344d7b47124354e0e2ba8dbeb8f5aed0f2f57f2a727733629653348ca288818651800242490294b5328b8214124a08e51de26c0e742428e99ae422e2100607b6727f0fdf7a1a0c3dea477b6b75e7ef68b3393051e0551e0a54994f47bd1c0a37192520ea4e03485946108258429a5099754826e9874c324a022a68272def323a0db7ff0852f9c3a756a5c898d8bc356d0c4c4c4fd671eedd46f330110c48073ce989020655c720684c45c0a2105e018a28cae290a4c985030e212404425104c4a554150d38410634969bc1c569010824611a314232c3092424a8920c6182b1000289884887120bfb7550400216cea6a44055190cab082b88a80a9698dd1a8dbeb4929218463496c5c1c5610676cd86e3246856408025b37a111219ae88e41559509c8e248f407583205020800170001eeea9a1dd15ecaa99408431791fe301af5fb4288f7db8ef1b0821863925315612481048261c068124bd109d9ca7e230ee20c94791d573386ae6b0848298000006bc8d01439e448000231c1f8c74f4d2637de1e7ee0d17c6d622c898d8b312c31a860cc244f429e44e1a85f6f762e6f36d7f70784b3d9ac661a4a41b55d033b8e2e84a05c302a80441ac6584a03c1aca2e42cfdf474b1fdfa575e11ea8fffdb5ffa8b9df6fb82432f319a609e0c9bbb49e0a549dcd8efbc76656310c5655b7b60baaa41c8298354047d9f3341749da89828400a9033b549d7c8dbba2a814340a7d9d2dd72ebb5afecdff8bb1327ee1b4b6e63e1b082d66faf6cec6c479d86088228881abd2114c2c6d0b50d61e88dee68380a0413394dad31592a404d2108210980a52b4bd52c46280983388c1ac3b452b06cb6ce074d00fe7f1124a5fcda57ffec9bcfbf60a964266bb81a9434d2a0f453b6dd1e5dda1da4104fb9d682a91773a669aa44c51849052300152e048052c11051b2d31ead6c7747013b66589a698e2bb7b170284110c28f7ce88902ef370fda976f6daba5cca327979b7bcdf5837ed74f9d9c9eb3f5a2a66654e4da246bebba8e158454454198082631c05c240273454573b55cde32ccc269259b1f576e63e1b04becc1c79ed85cbdf2cecdcd50220154d7b685d6c74587d7101330084320633753b46d03612925100040041146945300048208420c91323f9395a38e3b396f95a7c792d8b838ac202b93352acb17f6beb25cce9e5a9e762d2bd11424358191e6988a5e1110a840f2244d18835260a9082c044fd324159c1115a9109baa6262a6e5e1fd9ff9679af9fe6a7a1c5690a6691ffed007b6ce3fd8dfdb5dac1434429c5251f6464110a531d5748d601c47b1a00c510a30a25c3226b0a608080584540208a1a1e95a3ef7f8cffca7c9130f8e25ab313286530d0588f98a7b6cbe9c35b4b0df56b1eab86e14a57d2f94085abac693842629160229aa9429862ae00a84086108000408a44167e6c33f949b5a3c7c3063670c8238a3854a415114efa0de39e8689aea10356f6bf5ee908b5144142884a04c0110112135cc38800c1042144220523054104ce64e9c303399c3073376c620081302316936db2b37b7f7771a67375a05034fd9fa54396b202d49791844507005432688c110c0882723cb35dd5c1e0392b224bbf070767af9f091dc0dc6b1c488ce04ecd6f76eeff718958f2d550c822d5d310949522638571102404a2081e48203c964cc248a398952c3249c513b5fd26de7f091dc0dc620483733aa9d2fd4ca3f343be30f07284dfd418f467114c4cdbebf3f8ae65da364a90822152142542821a34230c0124a554653aa3baef6beecd883b10872b2d99963f76faf5c5224c390ac6cd4d7371bfd28244078291b719ed5958c024d1522400000120289404ad38412905016c7443754951c3e92bbc178cee6174e3ef88d2ffeeecdd555cfa355cb3a3e51c1493a4ce291a484484db084312020064848002194423029c3301528813441cafbab07f49719cf74874ac8fcfd1fde7be3f58f3ef2034f9e3e59cb384cf05826ba2a342825e0548a54885472ca784a6998503fa4fd280e83346554bc8fdf7a1cdb74c7279ff911afb1b67ef9da57ce5faffb0131f062c1b00166402a42580a56018e1341692aa4f4632e0050253048aa12bddd6876dbed7cb1f87eebb782310e2f4821afbcf5e657ffcfe71acd030500c4534d50c098004291000a2198e08cc55cc6424801314286ae945cc7712c408c8633fbd33ff38f4f9c7e1f353abe07feec673f3b962f8210e68aa5348ec460af9c7754c9789c4a21919440ca84f220a15e4a032a622604005c4884504627445325801b1bbbc40b72d56ab6541a4b3ce362ccf341ed83c66fffe2cfeded6c87898cc218028698045c448c732930c41c0084a481b190c0d6b5858a9db1f4038f668a8b79d394823ff52fffcdfcd123e87db3d6c65641dfc3b21d2f91bfff6bffe3f9adc68d7a5b865180c820a109930c428490ad625bc3100115618c80ebe851cab747f4e4d113880b91d0bd7657c99680a2dbc6fbe2c13fe60a0200504a5badd67ebd7ee1c25b2f3cf7dcdb6f9c354d5341d022b8a8a959a2a80430090c8c4ca2482403419e78f8f160e871291388fd30509d6a90997ae6effde0f1b98a69eaaafdb7f91b6dfc82fe3297cf9ffd6fffee975e3d77c5b1545b556c0d3b2ad615a4aa48d7142140bd9f14b3853327ef8792239a18b6b37a7b87d9b8111aa35616f5637bed8d0f81d51c04e6dfffc9cc030fca99b9203f8fb3a5d9aa93cfe8b68e0d9ddcd567df5d19e2fc1e5288240c666bb95ab5301c8eb8109401811043124110513e0ce3e5dafcc3c74fb4fb8376b335bfb4586ff50610b018575d9d63982beae4e19f7a51fa13b0e387e1f645165d6f4ec14d00b167e4164cf4ccb2323d5f99387d9f5babdea52cc67c0ffacbbcf9c61bffeb37fe7b46131606519808ce2d55d1085654c4b8ec4569384cb84672e57282a01ffa91809ee054315f1f553ad4ee00774b9f5c571c94fa60b82ffc3d68575d1c4d688d457835fece379489e5db51199d7f0d5f7e31b37c94e4ee4a33fb6e2db1d0f3b319a794b57feca9476c151cb447cdee007249209440868c2bd878eab10f1d2994bf7be1a2aa69f38bf3ab376fed87be0fb197e66294d1585feb3f1bd7fe4ea7f0644c2c2e781906f9703357cc16a74a0f2c581b1d90bd7af574bca60d1baa555dfce5ffec9e3a3df644eed6127bf1a5172900662637f203c735a09482cb346514418c248678325f6cb6bb80c90041118c462b2bbe1048d587075bd9f4b266dcd7510ab2fa1991991d08940230a772d9dcde96783b285be7362f5d6c7cf8684ea8f65a50cda26031d9f25efc92393dadbab9f126327e4181efedefecbef1f2cb00802065ad41306129369659930ca548d25447e4bed38f1c999868763ad72f5f2bd72a79d77de7c6ad5051814952550f402d852a803e61691890a7d483c5a03d42f4d5bd7a6ee2d145be76b0fbecd039d22b3ae7a8f9c4681b337ad63efdd0b5b3e6d58fe41f7f6abce98c4d90e707adface3b2f7da37eee4fb95a6c6cfb73c552c0d8766778b49a5175558fd330c1b9dce444aed26a347258099258b1483f090004eed4c414d1aeee6d212e7dc55250ebb8211584717a3bcf42a165eb23fb229cf887ee289facdc4cd22355b65d6749babb8392edcc910744d4efdabbdff83debd4c35a769c45340641499aae5fbb72f69bcfafb7db8a65787109276a4a85656890715542caa8a12a3a4102a01e05154d3b323bb7b2b9c19878f0c4493f8a6eefedcc546ad7ebed353f87dd694a9c53786f59bdb9ef255ccb0face5218dc3fedaf1c251589aeb7a98583d2ddcf114e792fd0349e68869da9f8fd55fd0361f5859115756ef7bfc11058dedc17f584107bb7b2ffde91fdd78f94f4cdd08fd945ab9fb96ef37110272e5d6ceb6062100d20f935c91381977ef5667ad5f1f8ce21f3ef3b0661a65ddded8af03df77880a55726308bbc8d284665885a23218f42405caf4ec024f93cd91d214da048cce37b4c66afbe305b2d9f49796861f5e3e28580ab1b33f92a408632f38f3c26b572a4797262a85b1d80187147475bdffbbbffa79d2782951cdfe301979d189d9536bebebf5ddbd208ecad96ccc19842ca311db34c34e90c4ac94c9b606fdafbf71f6f8fcc272b9cc281d15d3b972e5ed4b6f9f313b0824730be2668884e00d60146d7563f5b6174676b1269151313cdefa2e28e06e02676b9553b31345574fc3206aef6414c5c2b0651f6f76e9c685f3954f3c85c7d4a27cef0db3d81b5d78e15bf9e4a6aeeb903241e37c6da256284b290e244acb4b66311b50ea53410c8360d419055e4a274c3da76044d3e6dee6dbf5ad5bdb3b3a310042913feac54953145fed9f6ee29930c01a828aa699902fcccd403b53b194083a3e21333aa39a767fb1b294f2dccbe7662e5d9c38f73a59196c36cabd568711e5c65bd7bcfe602c76c07bae20c1d8e56f3f6f5ffcdcb46e5eef46e16060568e9e3cf9606f386877ebd5e28420a583add520a5adae57cb6a194d9d2cd47eeae9e3bbdb5b3bed96e9da4b7997ebca8d8dad8d5160a96865cf777559b59411864bd15a565913a60d347d880c00b57eb7cbf830552a35be8793812d342af36fb2d9a582e452efe7735538843c3e1f641e8adfaedb939b572f3cf8f1a7c722e83d56d00bafdff8ca97ce758db9d7775027c13d94d15579f5edd7b7aebe621a1995a57932045c7607916ae7cfeec06fdd185966e1889d35759345c942b53ae91a603848fc41418ddbbe1c927205f2195abfbff7f90abf582d144e1e3951aecdcc1e3f923149a32fb03e1f05fda6ae6780b28a675f24b35f17958e9309ccfc4519af79abeb07abcdd0f8967c683db4cfddf405e7774ee3fbe03d56d0fea537b2ec5667a71bc6b14e5cd59edceb0f39c3f385f98eac58594523a16abbd513279999e7292371ebeadaca6b49da3c68c631038a1212edc6fe76be5cb0f2d57664944a1a42d1819aedc0d985e1d584ee22a251aca934d8dcdbbed807a7dda9449f130cdc0c4398cf1678eb21760d691c896ec9673c681e9fcc15d4bd4ed05032ce46bcdcf5e252760c4749ef4550bb33bc5d8f156444d24549808822edbc990c2164aa434ee6b19ab11bfb1e017c76a27c806a511a3bde688a3a71d8aae4f2854cc6769c183036eccdddff41821cb0c7516e3682598fe893e17e53ce31b6175ffa33c6803af3a3d792a3a1d6296ac2d0d1d5d85ee1661e210736a695fad680f444b51bc205522b69a18df7d6c59125511f5ceab7f64f96b26338ec7f2f82be70a9f7ada1f51930ead5aff512431abaa2e670b445f247233393d7426cbb13d3aa91c9a4094dd7574814b2c1c68e2287513255a9708cac288831b632191770cde24f9d2e9cf5725d632ed4adacc09f2037de767fec2bdda7e778b7a6a2fd789b4004d5c247d58d8bdbc97e0c1ed7bcaa086f8f6038e8ed0e568aa6a63885cb838539e3e06396d8d217ad373f17af7c441c5f387c67f25ddf83829157de5ffd4c7489b1942a36528901923c0b03bcb0619ce9812c940c4ba6480e1973143ec1b62a6cabacc9540a1de390a62951b22a627198cf9a5edfc710b8194ba7d142dafe78b87d5c4d2778f34878bd95fab6a1b671c1f33a13c03f196e448e2e465e3657149985ae8fa3a1df089272b6726a619168580d57f58c9b21284b7dfbe88776122d8ce821ed80f7504161caadfd2bd3adefdc340a7d98f192c430849024b4a65380478868ba69d8961f455242c371c8e491b7d77a3f58a495d4efe50b55cd90a53ca49e94918db542c6314c934791c1f819b6319f069dfd1da6c968b0fe4f954e5956df1c7838ea6e1377589a0fdb07060f947cada91671a0937e972253c3c20b2221a46119fdc0a7ac2b118b89717b6ded31ef71db3cec6ee85d0b1a8ee2afb7cb2c9acbd3ba81218f4789989fa4dbb5eeb3783881dc25e3c851d3b434de4ce290214606ad92c4ef34764d2019a343cb72052b971d5d95a850b8b4b673da752cdbe108bf9a5421bf8c2b7332f297c2d628098fc0b424bc8b182a585df7bd4c1a28b98909cd3fbafd5fc25e7f04b20f165089c4073ecd4e4f7bcae2b7f1cca7e26f2a6e411a39b4f5663cfc615039ecefb277274870de5ebba25dfed228f10c496922100418235138b393fd485bc023a6d7dfbdcdc01c2955f42089fc61c2518ec465abd80b4744c9d8a66de61c15234321bda157729462c63af0712b648fa2db5bd29ea6039b85bb219c2fc09b3efb9d7dd861f278061d25626f185533938ae88c7c3390a6859abe30135630262713dd88531d69c51d75a1c09310152bf435948e0e69e75d0b0ac2e8858b2b57c9821ebf6ab120f62566819e6cedb12746ba6bf89d32ede88512d68d41bd1e760e5c3727348a033a97cf6816510caba059a90a9142150d63dd302c3b8e62de1b2d26aa61ea53a8af061e48b89a5245c9ab09bd4f0c6ef38442d2174a62db766d36d95dc5d100700e0a736bd54f1c2b3447ba16acf6568b4737456e443e32035a1aaa1cd51992a93cf4d4febb13f4f2d94bade7ffeb5c689d87e5beb44bf8c09c389a5ab386df0c952c94b41be2e7befaf672c53ff6c427b3671ebd79fd7a3b9189e77d3b6ae7a94cb15835ad335335b556ee77867bd76f9d78f2034e65b2dbdcfa21b7edc2c00f6292c63c0c967245a2445b6d6f270ea54420dcd758c1757256fdbb83c6b9f360fec18a9b4e7ff2a6b9647b6f7dd0edcefce8c39f1cdea66857b3f420755e6919b7f44f3f212d202538dc83ecdd09faf23b6d3f340b441a835e4fc95946d650b1ed5d23e91627768f144299abce4d0c88f6fab9f5071e9c7473d978bdb5542c2d16edfdd82f675c3d9727dcc32c1daebdad94aa39d368edeebc397009234fa6d7062cc9c4896b3ab8543d680f6f79e26d8a5d8481aa799c43af5f1ff86bc6939319239b61bb5ae913c5e08327a76c9803830e8f527d621244be15ee3deaa2af0f26fb0992524078a8d191772168ede6ade76e35dd999f7d28bd9869fe4914555bc6d142949a7c5f4483c7c4eff40b4f5dcc9d59dbb2bb49ba6c20fdcaae2ad3a50ca8646c5533b4d8a38c33df5bcc19bb078d0d98b3e378340a7a1ed9a0ead3f860678456a5758a0f1405ef47fe019336f30b4250ace6549a319c19959f1b4d04c67c0ebed428fda454d97d075f663db21fb2ed50a88a526bb45d823dcf2bb85bcf541e93e26121e121e757be5f41bb8deed7be79f6170a570f208f3ceaa9993ef3e2b8d7756a938acdc3d6bec84da557eedfbaf4ea68d6b2a73c696caddd2008a910d06abbce2909d93e1e16b24e45afde38e87aa9fcc0a3a79c7ce13b3b0967a819865c9bb8298c39ac2ee661a456fe55af739a4943444411aa842c4dc2c29ca76919b7ecd5feb574ca02882f359f3c527faba4264525c412f6eb23dfb4061c6df87499bfa98dee07e218c08752f47d0962946edcbc61c3244c06c1dee5ac9bd789c9474320602b48910e72d902d4f54d30bd49aa31497249a734783daf515d7190937f70fe312f8a6e34eb278b556aea3ddf1f8cbc879626a110cf5da13b21b495f83699852cd5a8f82e5c2c893469efbb12b6194c25c6823324626df9cd75a3ae586eae44dd2a44980958c95413f8e86abbe9f0e1346e66f82a46531340a89695778b51980871d8339bef4bd0deda8d9d37ff2cea855b9bf577d2fb415b2da821000319b42a24e2aa40963a08a21cdb29ab7015148e28c903a74f41d5bc7ee3bad28f2facae44610439bb1aa644d332483aa60e11d8f19dbd5855850f054e9142a974e3fde962e19c7dac39c42abb9d4a0c003704c3eeb14d65aa8153275bb0341d48d18eb98ca3a4d77a7266f8c4878ec9d6c1f60d729e2f1759b040eaccad35e464a3051f10f2903bc53b0b1af4bb9ffbc55fc8e4dd4ca6aa5086236fa858d01fa4d0989d2a11904a2a208db7dabe6a0c66b40b4be4e93550cbf8ddd999cce24367b6563700c202a15198da44e3714c20a70cbdd12c874691fbbb52320975251d4d25db76f896ae7cba9be2c84f000b25900ae036668a105e9cda9a6ee46ac2b49e6cfef6a9a552a63a1bc73c680762ef7aec54f429f509d6afefa60048b8730bcc5b72d4a351088c43bd6a7e07418cb10b2fbfe428b13dfbb1cd7a67bbddd093765e911ca428ef10151cec476a4103b94c3194890887da11271e1d90da0bcdc20fdb7cbaa44f2ece175365a819eb50cc5a760741366a29568d6945e07b8c864851384f2d7f1bcba662e59953f3fb3d1eb60180424286d58428913e150315598e83d931dca9fdc0a7a4c102165145c6455d8641c298a3675f5cab852afc60faad8a692a3cdc0d68301c64f387da4cdf41d07067f5cad77e479b5a6266655b3a5bcec7ace8d58ceb6889d6ed741a5cdf674e86d154d122ac0621c08e91e3ada349d0259597b627173ab4260fdedadff763aa4ab1891132cca3a6748a4b24c29edf84e9480007009a4a081084d9c50ecc0e47ab8c27522224056271c29504d8089a7ab6485590e51b53d2e4326bcc2ceddd5ae9ecef64cbd54aa9b87dadbeab4d1ef3af3804a53c555d9772d9eef627e7e7ef96a0348ade7ced6c4cf2e5dadc6b03e366904e46eb0c6ac170a8ba852e50a351282450834e2db71806de9e043c8e9862c6b018a40410703b356ec7858fcfe848d2dbedf642b14c112274a45a4e308890bf95a32b824ef4949a8a85aa90928251f7da60b8376421078202c17106e83319a34a9c9ca191c794cb678e15b56c11bbf951eb4047b43033ef962bec9db3714f6708e1645fb2819a2985fd9eb0c2fd7efac061f4fccded8e9dcd8df5cb67f572b1933853fdbde57037c7fa44355ba358a1715e5742c604901122f5fd3a31cca2632ba64363df437aa8388847980b08502e93ade5f22527a3428880d42c0b40954701042ab66a182655be555386658532900e075761b2aef106e4b1909841bd00d212a6c4b42136faa8e4c5dc63a2dfefedecefad6defa99aae0d3a3b1b5bab036e27dd5c7801eb595f5a868a875e726378d831debfa98236af5d009ae5e627cf77328b07df7a72ff7a4fa6e761a5a76b53c91ee229172ab1f343a634362fc3c80f24008a8d8b47218e2a810fe378559f5a8083eb9b2d2ea11625e7e32091e8e9fb8e32c869120a21644a79e41b3aa9660b9aa2a461dcf56902485657c2900200023fc49373205745a6a5e1641234704824cddd7af3354d574bb3473942519c0a77b93baaa832adb8595d4360d444a5cca4363286bdbb25a8dbdc6f34f6a27e72d3cb4cf4be9d09f66ec66ae80fea2614c6445d71d3f4860a01c2664baf76cd872bfe7e48a350b15cd581342e69c17d60d0979d126d2e2e2d73842e6cdcfed8b133483774958f184bc200721a4b4eb225c7d21f3af5a84ed417af5e3a63e446236fabd73d96375aa3d14767a7586da9c1214e2343b48ba7268a8bb3324d8e3ff964636bab52cc3baabab572e5e020f48d197070019b5ed4e1bbc6e409b7a2b5d353d10dc63fa11ce2cf0afe5a4157363b7ff05c382bd127ca97c2348dfcd114f43614f5b1b4eea83bfbd6e977720fb1fe76991e9414ff183487b47e9165382052cad3a8a5d24861f103bca960c8923412dc253a0d8230088a590390d0a47dc0e214ca79c73e3a392d29f5e3589580275470c11108a3480a995251a5cdb9fe209273858ae902595fbdd5e9f64ac5423657700a05386cdb8287eeb4aa5724badf1b5d701576627952476218267e731f500ac62e68340abe736ba47a07cbfa8e1e0333eef692b41e4195a73152aec85a1be600f6919a198ad1e9642317979f270beb08665864a6310062960e004451e8c5587d63f556885181f1f3c341aae0a7cd4515f8f9a41e2743ddb030003c082ff73ba328125efc4eb7ab4821a46cd31449f04ea3f5a4a857e61ff19419a3fecad03a050a5568d9b73b3d4d513126761aea19db1829a6a5c6d6f1baf60f8ecdb55cd748539867234981a014e8fa7b16f4574c9809ce5f3cb7f2072f6f67babba190667a00fba356c4f7a374448589e8843c5014b32594942573e97a5ec5bae94eb3d68974c74a7a7d6ccf6289e27e92a444d70734aa4ccd1caf4d0da5383635f5c0f211a9003f0a3aed030d828a1215ddbc87d003c74fbaba7dbb519fad5609d1866160aa1a5294e5c949275b18e61f45de76b508a55e9042f8dea8b17a5b26b1c06a7363eb9d2f3fabda204185481a2d9cbdd6d19d3414386b06207b70a3f8c807cc62e53d0bfa2b2ae8e6edfaefbfb46ec45ee8663d3f3e9dc25b9eec5349b9d0a1e84b2bc1d3268b2003791e96157d20f1121b367cd190f926220907fbc8708909e9288ba554410f080a84835098c407dd8ea1c234486994d8963e3931952fd6fa02f13089822082201b46b1e7a54066110a69aaa6a303f5837b492ecf23b27a6963e3ff66178f1c3f7dd29d99366ddb710caf0de0f1fbaec9f9541a1ae006644277bfe6d91ac34fcbcedc4b2fa19fdb0647dffb00ff5f21e8d7bebebab1b5fd9853fbec000000a64944415448f02aecaffae418d32a8ad2c59cab08a4482f11b9ade267d599acf08f6bed8c3f34a12199d317695db21636752123ce43c6304bda83806b5aaa10c08526451826fd28cde92a955c985614f47b72522f565dd35e6bec0ee3c0309dba3f0c8154153264ccb29d0e54a7d2bd6389ba4d266e2a330b4bf16c815473ae519aa4fb7b83ed6de41f642d43372638408053ac408c254230034424f1c19c86e0a1fe96e8ff01ce55394196ce96000000000049454e44ae426082),
(2, 'generatorcrudbos@gmail.com', 'aktif', '2023-11-16 13:23:24', '2023-11-16 13:23:24', NULL, 'Aan', 0x89504e470d0a1a0a0000000d49484452000000600000006008020000006dfae06f0000000373424954080808dbe14fe000000006624b47440002008800d19d714065000004e549444154789ced9c5b681c551880cfcccede27d96cf7924dd3a6b91b83499ae6624943434402b614a2144b052f78a1e08562a0f8a0a22088d8072d0aa26f5e1ed487a23e15a92d88b58da4698bb581b4244d6d6de26e2eeb6693ec7433eb43d3336736bbfb6f69f79c7df83ff270cecc99cccf973367ceffef1249fee00241b2238b0ea0d84141002808000501a0200014048082005010000a024041002808000501a0200014048082005010000a024041002808000501a0200014048082005010000a024041002808000501a020004574006b7cbda76adf8365b47b64247ce8c44d81f1508a6506f56d765b24427f06aa4b4447b44651087aadc35f5962658f34f91c033545e1a82804ed6df2a41d5164f262db0621c1a4215e5083d7b6addcb9fe784fa59b7f30eb112f68a83be8b26608a3425586ba02fce34943bca047b6a8b41d4de889d514ed0e36968a88c8846041fb9bcbeabc36da3d7d23fe57648576dbcb9d0dcc59210816f4f4435ee94e3b45c877630b3f4fc6e85997557ebd5bf0532678a3d85de1a2eda9a8f6d5c579d526bfdcee2fb5affde5faabd42c977242e40c7abf2fe4755868f7d4f52542c8a2a68fce2cd383f55efbde07d237013c1129e8b15a630dbea5a7be383f7bbbfdc378941e9725f24c8bc80d9130418f56abcd7e07ed8e4512bf5d8fdf6e7f7236321d4fd253db37bad22fe68830412f6df529cccd8f4fc5d8b3c3ff2cd1b6cf6979a7b79c5b60690813d4bbc9d828c734fdc33361f6ec3717e775633f4476d509db10891174e8e140c86dbc40cfcd2c879792ec80a3e3d189058d765b028ece508674840362040d369a5e4c3f32ab32852e498410bb457aa5c35ff0b0322140504bc0d11634a6c3743cf9f14864fdb0cf46231a9376ecdc2c26771520e86057c0a9d0fd3339c3acc72c23d3cb976613b45bedb13ddf2ae07d2f40501f3317f414f9f2cfb96c237fb96a7ab5b135596ef016f46c8bb7a6ccc83fafcc277ebafc5fb6c18787c3314da7ddae0a976ae31d30effb3dd56c64a784905fff8e671d4a487829799e493b3c76f9ed1dbc37445c05a93699cd4e5792a94fcf66589e59d2e617ff623ed76cfeddde104dd3092129428e3e510d5ea5a7887c67d635fb1dfd55eac96b8b850930035c050dd4986a174e45aa2dbbbb7a98229303ed3e9e82f83d62bbea4a9a7c0e781cc48e4d5c3744fc04bdd0e6b348f030908daa72b093dfae9adf23d653692ccf29424e4c2daeb2f9684e426e6b6bd0987d8f377a8e64da7c17024e82deec09065dc6bda6a2dac0b713f95fde5fa51edb574bcb23db42ce1a8f6d32aae5bce8fec0e911db536fca4ed944341f4e5e5b1c9f33d20eb7551ee255cce721a833e4641f905b7aeaf373b377fb4bd2de5ceca769058587a0573bfc76667dbe1449fc7e2373829a838ffe082f278d35ab71837db08147158d87a09de68f6e8e9b53d03c998c6a17fe35d20e5922cf7149ee0b2ee8c056df9652e3ab2d314d3f3c1cce313e07c7264c66f914f30b2ee849738d62745d75357fde3b3533b7b24abb0197f2564ff09e82cb83c20aaa2cb1a6d592335657f367e4a669f1da5d5ff065a8b082ded81e642b38d3f1e43d6ef0be1f5b60bbad01677ba6ef16dd4724fc175db911fffda022070501a0200014048082005010000a024041002808000501a0200014048082005010000a024041002808000501a0200014048082005010000a024041002808000501a020001404f03f0b36180c12a5a1550000000049454e44ae426082);

--
-- Indexes for dumped tables
--

--
-- Indexes for table `ahp_alternatives`
--
ALTER TABLE `ahp_alternatives`
  ADD PRIMARY KEY (`id`);

--
-- Indexes for table `ahp_alternatives_sub_criteria_priority`
--
ALTER TABLE `ahp_alternatives_sub_criteria_priority`
  ADD PRIMARY KEY (`id`);

--
-- Indexes for table `ahp_criteria`
--
ALTER TABLE `ahp_criteria`
  ADD PRIMARY KEY (`id`);

--
-- Indexes for table `ahp_criteria_priority`
--
ALTER TABLE `ahp_criteria_priority`
  ADD PRIMARY KEY (`id`);

--
-- Indexes for table `ahp_criteria_weights`
--
ALTER TABLE `ahp_criteria_weights`
  ADD PRIMARY KEY (`id`);

--
-- Indexes for table `ahp_criteria_weights_total`
--
ALTER TABLE `ahp_criteria_weights_total`
  ADD PRIMARY KEY (`id`);

--
-- Indexes for table `ahp_random_index`
--
ALTER TABLE `ahp_random_index`
  ADD PRIMARY KEY (`id`);

--
-- Indexes for table `ahp_sub_criteria`
--
ALTER TABLE `ahp_sub_criteria`
  ADD PRIMARY KEY (`id`);

--
-- Indexes for table `ahp_sub_criteria_priority`
--
ALTER TABLE `ahp_sub_criteria_priority`
  ADD PRIMARY KEY (`id`);

--
-- Indexes for table `ahp_sub_criteria_weights`
--
ALTER TABLE `ahp_sub_criteria_weights`
  ADD PRIMARY KEY (`id`);

--
-- Indexes for table `projects`
--
ALTER TABLE `projects`
  ADD PRIMARY KEY (`id`);

--
-- Indexes for table `settings`
--
ALTER TABLE `settings`
  ADD PRIMARY KEY (`id`);

--
-- Indexes for table `users`
--
ALTER TABLE `users`
  ADD PRIMARY KEY (`id`),
  ADD UNIQUE KEY `email` (`email`);

--
-- AUTO_INCREMENT for dumped tables
--

--
-- AUTO_INCREMENT for table `ahp_alternatives`
--
ALTER TABLE `ahp_alternatives`
  MODIFY `id` int NOT NULL AUTO_INCREMENT, AUTO_INCREMENT=20;

--
-- AUTO_INCREMENT for table `ahp_alternatives_sub_criteria_priority`
--
ALTER TABLE `ahp_alternatives_sub_criteria_priority`
  MODIFY `id` int NOT NULL AUTO_INCREMENT, AUTO_INCREMENT=51;

--
-- AUTO_INCREMENT for table `ahp_criteria`
--
ALTER TABLE `ahp_criteria`
  MODIFY `id` int NOT NULL AUTO_INCREMENT, AUTO_INCREMENT=14;

--
-- AUTO_INCREMENT for table `ahp_criteria_priority`
--
ALTER TABLE `ahp_criteria_priority`
  MODIFY `id` int NOT NULL AUTO_INCREMENT, AUTO_INCREMENT=62;

--
-- AUTO_INCREMENT for table `ahp_criteria_weights`
--
ALTER TABLE `ahp_criteria_weights`
  MODIFY `id` bigint NOT NULL AUTO_INCREMENT, AUTO_INCREMENT=42;

--
-- AUTO_INCREMENT for table `ahp_criteria_weights_total`
--
ALTER TABLE `ahp_criteria_weights_total`
  MODIFY `id` int NOT NULL AUTO_INCREMENT, AUTO_INCREMENT=30;

--
-- AUTO_INCREMENT for table `ahp_random_index`
--
ALTER TABLE `ahp_random_index`
  MODIFY `id` int NOT NULL AUTO_INCREMENT, AUTO_INCREMENT=11;

--
-- AUTO_INCREMENT for table `ahp_sub_criteria`
--
ALTER TABLE `ahp_sub_criteria`
  MODIFY `id` int NOT NULL AUTO_INCREMENT, AUTO_INCREMENT=17;

--
-- AUTO_INCREMENT for table `ahp_sub_criteria_priority`
--
ALTER TABLE `ahp_sub_criteria_priority`
  MODIFY `id` int NOT NULL AUTO_INCREMENT, AUTO_INCREMENT=69;

--
-- AUTO_INCREMENT for table `ahp_sub_criteria_weights`
--
ALTER TABLE `ahp_sub_criteria_weights`
  MODIFY `id` bigint NOT NULL AUTO_INCREMENT, AUTO_INCREMENT=46;

--
-- AUTO_INCREMENT for table `projects`
--
ALTER TABLE `projects`
  MODIFY `id` int NOT NULL AUTO_INCREMENT, AUTO_INCREMENT=12;

--
-- AUTO_INCREMENT for table `settings`
--
ALTER TABLE `settings`
  MODIFY `id` int NOT NULL AUTO_INCREMENT, AUTO_INCREMENT=2;

--
-- AUTO_INCREMENT for table `users`
--
ALTER TABLE `users`
  MODIFY `id` int NOT NULL AUTO_INCREMENT, AUTO_INCREMENT=3;
COMMIT;

/*!40101 SET CHARACTER_SET_CLIENT=@OLD_CHARACTER_SET_CLIENT */;
/*!40101 SET CHARACTER_SET_RESULTS=@OLD_CHARACTER_SET_RESULTS */;
/*!40101 SET COLLATION_CONNECTION=@OLD_COLLATION_CONNECTION */;
